d1,d2,d3,d4,d5,d6,a1,a2,a3,a4,a5,a6,alpha1,alpha2,alpha3,alpha4,alpha5,alpha6,x,y,z,wx,wy,wz,,,,,,,,,,,,,,,,,,,,,,,
0,0,0.27708,0.12834,0,0,0,0.26313,0.075934,0,0,0,1.5708,0,-1.5708,1.5708,-1.5708,0,0.33841,0.37685,-0.13349,3.3897,3.7199,6.2116
0,0,0.1796,0.31934,0,0,0,0.25151,0.42657,0,0,0,1.5708,0,-1.5708,1.5708,-1.5708,0,-0.23906,-0.2089,-0.1068,3.2099,0.058398,1.9722
0,0,0.18542,0.081909,0,0,0,0.21023,0.34637,0,0,0,1.5708,0,-1.5708,1.5708,-1.5708,0,-0.014941,-0.19162,0.36491,2.8607,2.2203,2.1595
0,0,0.24272,0.48028,0,0,0,0.36655,0.35578,0,0,0,1.5708,0,-1.5708,1.5708,-1.5708,0,-0.30984,0.32729,0.012799,3.0207,0.44492,0.16759
0,0,0.084196,0.43529,0,0,0,0.45764,0.20718,0,0,0,1.5708,0,-1.5708,1.5708,-1.5708,0,0.073966,0.12826,-0.25609,1.1468,3.5858,5.9638
0,0,0.37526,0.30081,0,0,0,0.096618,0.29473,0,0,0,1.5708,0,-1.5708,1.5708,-1.5708,0,0.32684,-0.017336,0.073922,2.4422,2.413,4.3415
0,0,0.42456,0.19965,0,0,0,0.0030927,0.028319,0,0,0,1.5708,0,-1.5708,1.5708,-1.5708,0,-0.34397,0.17822,-0.20081,5.8424,4.6439,1.7819
0,0,0.080869,0.2185,0,0,0,0.44582,0.24815,0,0,0,1.5708,0,-1.5708,1.5708,-1.5708,0,0.01986,-0.2519,0.17336,6.0345,4.3564,6.2624
0,0,0.085119,0.19861,0,0,0,0.21539,0.38683,0,0,0,1.5708,0,-1.5708,1.5708,-1.5708,0,-0.17266,0.11372,-0.23628,5.2427,6.0367,2.6164
0,0,0.44706,0.26339,0,0,0,0.49728,0.22759,0,0,0,1.5708,0,-1.5708,1.5708,-1.5708,0,-0.27193,-0.060224,-0.011045,4.424,6.2628,4.2117
0,0,0.058163,0.083168,0,0,0,0.28556,0.011803,0,0,0,1.5708,0,-1.5708,1.5708,-1.5708,0,0.11762,-0.13356,-0.17703,4.1312,6.1293,1.6029
0,0,0.30233,0.38325,0,0,0,0.13051,0.013833,0,0,0,1.5708,0,-1.5708,1.5708,-1.5708,0,0.047951,0.13292,0.34327,1.191,6.1148,6.1071
0,0,0.46961,0.32707,0,0,0,0.49023,0.30312,0,0,0,1.5708,0,-1.5708,1.5708,-1.5708,0,0.0022531,0.188,0.33331,5.2242,1.5468,5.1936
0,0,0.3583,0.48347,0,0,0,0.3417,0.03151,0,0,0,1.5708,0,-1.5708,1.5708,-1.5708,0,0.28333,0.32687,0.1881,3.7726,5.3758,0.9794
0,0,0.21336,0.3006,0,0,0,0.07581,0.46441,0,0,0,1.5708,0,-1.5708,1.5708,-1.5708,0,0.035089,0.052331,0.21423,5.6523,3.7159,0.3604
0,0,0.46484,0.32721,0,0,0,0.3411,0.23701,0,0,0,1.5708,0,-1.5708,1.5708,-1.5708,0,0.13129,-0.11774,0.17022,0.56166,5.1367,5.8047
0,0,0.47779,0.16427,0,0,0,0.25928,0.020638,0,0,0,1.5708,0,-1.5708,1.5708,-1.5708,0,-0.060864,0.33817,-0.2269,3.6577,5.928,5.4857
0,0,0.032033,0.36196,0,0,0,0.050875,0.2031,0,0,0,1.5708,0,-1.5708,1.5708,-1.5708,0,-0.23058,0.19738,0.28007,0.92642,2.1953,1.8517
0,0,0.22609,0.46599,0,0,0,0.28105,0.44935,0,0,0,1.5708,0,-1.5708,1.5708,-1.5708,0,0.30757,0.1138,-0.34223,4.3778,6.0169,5.0368
0,0,0.24511,0.27814,0,0,0,0.39798,0.1111,0,0,0,1.5708,0,-1.5708,1.5708,-1.5708,0,-0.20667,0.26176,-0.33315,5.2056,5.2787,6.1941
0,0,0.35161,0.27439,0,0,0,0.19567,0.23184,0,0,0,1.5708,0,-1.5708,1.5708,-1.5708,0,0.26447,0.34018,-0.16547,2.2439,6.0378,1.6519
0,0,0.22238,0.36542,0,0,0,0.31393,0.11989,0,0,0,1.5708,0,-1.5708,1.5708,-1.5708,0,0.16913,0.2639,0.068796,3.9875,3.7297,1.4341
0,0,0.31902,0.22608,0,0,0,0.44537,0.28724,0,0,0,1.5708,0,-1.5708,1.5708,-1.5708,0,-0.34595,-0.33263,0.35558,0.62735,2.3438,5.0172
0,0,0.37452,0.31285,0,0,0,0.32549,0.014233,0,0,0,1.5708,0,-1.5708,1.5708,-1.5708,0,-0.25563,-0.27877,0.037534,2.4307,2.6105,2.202
0,0,0.49639,0.29098,0,0,0,0.44261,0.20875,0,0,0,1.5708,0,-1.5708,1.5708,-1.5708,0,0.36523,-0.1041,-0.11502,5.7355,3.2953,3.7552
0,0,0.24297,0.10863,0,0,0,0.25406,0.069093,0,0,0,1.5708,0,-1.5708,1.5708,-1.5708,0,0.073729,-0.16393,0.36343,4.6724,4.0571,2.4756
0,0,0.23291,0.092085,0,0,0,0.44202,0.36454,0,0,0,1.5708,0,-1.5708,1.5708,-1.5708,0,0.15626,0.37678,-0.034971,5.6075,4.3016,3.3537
0,0,0.03436,0.32728,0,0,0,0.25506,0.024752,0,0,0,1.5708,0,-1.5708,1.5708,-1.5708,0,-0.35844,-0.049441,-0.25131,2.0979,0.81423,0.65035
0,0,0.069535,0.22391,0,0,0,0.14625,0.29655,0,0,0,1.5708,0,-1.5708,1.5708,-1.5708,0,0.28044,-0.16961,-0.018311,1.0513,4.5459,0.28936
0,0,0.44129,0.13839,0,0,0,0.17417,0.041289,0,0,0,1.5708,0,-1.5708,1.5708,-1.5708,0,-0.39697,-0.33099,0.12844,4.431,5.2855,6.2207
0,0,0.38164,0.27752,0,0,0,0.059942,0.02434,0,0,0,1.5708,0,-1.5708,1.5708,-1.5708,0,0.29087,0.3817,0.09684,4.0177,2.7006,5.9292
0,0,0.19376,0.38563,0,0,0,0.026926,0.37071,0,0,0,1.5708,0,-1.5708,1.5708,-1.5708,0,-0.35278,-0.094774,0.18104,1.724,5.9419,6.242
0,0,0.4749,0.32167,0,0,0,0.46909,0.062496,0,0,0,1.5708,0,-1.5708,1.5708,-1.5708,0,0.20414,0.10367,0.086987,4.9243,5.5362,2.4724
0,0,0.0031777,0.19794,0,0,0,0.43791,0.43635,0,0,0,1.5708,0,-1.5708,1.5708,-1.5708,0,0.3907,-0.040141,0.22826,3.4482,4.7426,1.8485
0,0,0.20306,0.14065,0,0,0,0.08435,0.27782,0,0,0,1.5708,0,-1.5708,1.5708,-1.5708,0,-0.16341,-0.16866,0.24705,4.5668,1.1077,4.4093
0,0,0.4055,0.030147,0,0,0,0.039375,0.46456,0,0,0,1.5708,0,-1.5708,1.5708,-1.5708,0,0.12978,-0.14744,-0.15291,0.95041,1.8583,4.4711
0,0,0.487,0.21188,0,0,0,0.49194,0.3454,0,0,0,1.5708,0,-1.5708,1.5708,-1.5708,0,0.1218,-0.3179,-0.36689,3.45,2.6553,3.0491
0,0,0.21472,0.28276,0,0,0,0.32824,0.41954,0,0,0,1.5708,0,-1.5708,1.5708,-1.5708,0,0.28742,0.31994,-0.006377,2.4033,5.8424,1.6484
0,0,0.39816,0.19405,0,0,0,0.14236,0.46575,0,0,0,1.5708,0,-1.5708,1.5708,-1.5708,0,0.38456,-0.35761,0.0786,0.19902,2.8157,0.17778
0,0,0.35979,0.23116,0,0,0,0.025297,0.26216,0,0,0,1.5708,0,-1.5708,1.5708,-1.5708,0,0.21528,0.28342,0.25003,0.027454,3.9788,1.055
0,0,0.40327,0.20032,0,0,0,0.43422,0.44169,0,0,0,1.5708,0,-1.5708,1.5708,-1.5708,0,-0.23457,-0.38491,-0.37256,1.289,5.6362,5.8524
0,0,0.44286,0.42306,0,0,0,0.19723,0.066923,0,0,0,1.5708,0,-1.5708,1.5708,-1.5708,0,0.13634,0.38352,0.26955,2.7355,1.9409,3.0471
0,0,0.49793,0.47121,0,0,0,0.3901,0.11481,0,0,0,1.5708,0,-1.5708,1.5708,-1.5708,0,-0.34345,-0.044445,-0.34868,4.2702,5.3745,4.1027
0,0,0.0039455,0.10502,0,0,0,0.22368,0.32642,0,0,0,1.5708,0,-1.5708,1.5708,-1.5708,0,-0.095882,0.030849,0.17842,1.9288,6.0591,4.9301
0,0,0.47288,0.069927,0,0,0,0.26806,0.24135,0,0,0,1.5708,0,-1.5708,1.5708,-1.5708,0,-0.052904,-0.19641,0.23152,1.2223,5.7812,2.3449
0,0,0.10387,0.25431,0,0,0,0.19457,0.30683,0,0,0,1.5708,0,-1.5708,1.5708,-1.5708,0,0.061906,-0.34815,0.18019,1.3287,1.7965,1.3223
0,0,0.04414,0.061647,0,0,0,0.33378,0.38745,0,0,0,1.5708,0,-1.5708,1.5708,-1.5708,0,0.082719,-0.3725,-0.088881,2.393,3.5063,1.2312
0,0,0.16208,0.13876,0,0,0,0.085552,0.4282,0,0,0,1.5708,0,-1.5708,1.5708,-1.5708,0,-0.3534,0.21146,-0.3743,0.75451,1.6096,0.096989
0,0,0.059195,0.40899,0,0,0,0.25815,0.31949,0,0,0,1.5708,0,-1.5708,1.5708,-1.5708,0,0.2894,0.34121,-0.013215,3.9954,1.1112,2.5588
0,0,0.03087,0.47081,0,0,0,0.41486,0.16408,0,0,0,1.5708,0,-1.5708,1.5708,-1.5708,0,0.34414,-0.0011962,-0.26112,2.0074,0.38021,2.5872
0,0,0.10323,0.24813,0,0,0,0.037297,0.071733,0,0,0,1.5708,0,-1.5708,1.5708,-1.5708,0,-0.27632,0.032885,-0.29713,3.2914,5.9443,0.93909
0,0,0.15413,0.46829,0,0,0,0.081559,0.066314,0,0,0,1.5708,0,-1.5708,1.5708,-1.5708,0,0.14121,0.34094,-0.23362,0.099855,0.6069,2.5179
0,0,0.015356,0.17921,0,0,0,0.054173,0.23122,0,0,0,1.5708,0,-1.5708,1.5708,-1.5708,0,0.26168,0.019445,-0.168,6.0574,4.6717,2.4395
0,0,0.26685,0.037634,0,0,0,0.062576,0.098209,0,0,0,1.5708,0,-1.5708,1.5708,-1.5708,0,-0.064813,-0.28197,0.010389,4.9923,2.5491,1.6448
0,0,0.23817,0.21158,0,0,0,0.24747,0.16821,0,0,0,1.5708,0,-1.5708,1.5708,-1.5708,0,0.34072,-0.019131,0.29855,4.8609,5.4333,5.8997
0,0,0.42387,0.27804,0,0,0,0.29509,0.14572,0,0,0,1.5708,0,-1.5708,1.5708,-1.5708,0,-0.28198,-0.04261,0.30668,4.3367,0.23753,3.1706
0,0,0.35718,0.33179,0,0,0,0.44746,0.4627,0,0,0,1.5708,0,-1.5708,1.5708,-1.5708,0,0.21078,0.089704,-0.12931,4.5414,1.2413,3.8502
0,0,0.14329,0.48237,0,0,0,0.28083,0.32568,0,0,0,1.5708,0,-1.5708,1.5708,-1.5708,0,0.31884,0.38313,0.21878,4.323,0.94395,4.2707
0,0,0.32298,0.34132,0,0,0,0.28479,0.40642,0,0,0,1.5708,0,-1.5708,1.5708,-1.5708,0,-0.38709,0.066453,0.30814,5.3978,3.4158,5.3981
0,0,0.099982,0.30907,0,0,0,0.12136,0.14031,0,0,0,1.5708,0,-1.5708,1.5708,-1.5708,0,0.32879,-0.25246,0.11555,2.1347,3.4428,3.2038
0,0,0.0085789,0.43904,0,0,0,0.37765,0.28382,0,0,0,1.5708,0,-1.5708,1.5708,-1.5708,0,-0.14389,0.32309,-0.29554,3.8019,5.3884,4.7022
0,0,0.36021,0.18963,0,0,0,0.18638,0.22565,0,0,0,1.5708,0,-1.5708,1.5708,-1.5708,0,-0.265,-0.14607,-0.27955,5.422,5.399,0.021404
0,0,0.45412,0.099173,0,0,0,0.28871,0.27309,0,0,0,1.5708,0,-1.5708,1.5708,-1.5708,0,0.34692,0.38455,-0.025414,3.9942,4.7242,5.0534
0,0,0.46323,0.44213,0,0,0,0.21535,0.18203,0,0,0,1.5708,0,-1.5708,1.5708,-1.5708,0,0.16585,-0.38111,0.059543,1.5503,3.1783,5.3277
0,0,0.31302,0.36188,0,0,0,0.36818,0.43926,0,0,0,1.5708,0,-1.5708,1.5708,-1.5708,0,-0.30863,0.33811,-0.030108,6.1879,6.0706,2.3503
0,0,0.093869,0.19071,0,0,0,0.27219,0.38922,0,0,0,1.5708,0,-1.5708,1.5708,-1.5708,0,0.15917,0.002773,-0.3151,0.17333,3.3618,2.2022
0,0,0.42709,0.43939,0,0,0,0.45928,0.36699,0,0,0,1.5708,0,-1.5708,1.5708,-1.5708,0,0.38164,-0.32636,0.015126,3.6545,5.3669,3.1718
0,0,0.49775,0.16522,0,0,0,0.015076,0.33167,0,0,0,1.5708,0,-1.5708,1.5708,-1.5708,0,0.23499,0.36098,0.27373,0.29028,0.97893,1.7495
0,0,0.045442,0.33944,0,0,0,0.040244,0.4681,0,0,0,1.5708,0,-1.5708,1.5708,-1.5708,0,0.26573,0.3095,0.15385,3.8355,1.6933,1.6685
0,0,0.035836,0.22862,0,0,0,0.38968,0.17071,0,0,0,1.5708,0,-1.5708,1.5708,-1.5708,0,-0.27717,-0.23301,0.35414,2.3924,1.7897,5.7734
0,0,0.24216,0.36834,0,0,0,0.41206,0.4581,0,0,0,1.5708,0,-1.5708,1.5708,-1.5708,0,-0.1348,-0.2071,-0.026366,3.6603,1.7453,1.2368
0,0,0.484,0.46526,0,0,0,0.068384,0.12486,0,0,0,1.5708,0,-1.5708,1.5708,-1.5708,0,0.39375,0.24159,-0.14125,3.9997,1.0012,5.8541
0,0,0.34366,0.25938,0,0,0,0.37018,0.16974,0,0,0,1.5708,0,-1.5708,1.5708,-1.5708,0,-0.21208,0.34576,0.12736,2.8568,5.8204,3.153
0,0,0.15898,0.42105,0,0,0,0.086177,0.14486,0,0,0,1.5708,0,-1.5708,1.5708,-1.5708,0,0.36992,-0.10403,0.39502,5.5099,2.2608,5.9288
0,0,0.40588,0.050485,0,0,0,0.0029985,0.043724,0,0,0,1.5708,0,-1.5708,1.5708,-1.5708,0,0.38975,0.067185,0.29405,6.1884,2.1892,6.2331
0,0,0.072686,0.061301,0,0,0,0.27991,0.073048,0,0,0,1.5708,0,-1.5708,1.5708,-1.5708,0,-0.11302,-0.12673,-0.13587,3.6612,4.2178,1.7387
0,0,0.051072,0.21345,0,0,0,0.16761,0.4566,0,0,0,1.5708,0,-1.5708,1.5708,-1.5708,0,0.34128,-0.016992,-0.22649,0.16426,0.19202,0.33146
0,0,0.046296,0.34707,0,0,0,0.066458,0.48597,0,0,0,1.5708,0,-1.5708,1.5708,-1.5708,0,0.36878,-0.19225,0.39154,6.1963,2.5232,1.3465
0,0,0.099239,0.26439,0,0,0,0.19229,0.29587,0,0,0,1.5708,0,-1.5708,1.5708,-1.5708,0,0.18161,0.066013,-0.20087,4.9761,4.479,5.3316
0,0,0.13085,0.37011,0,0,0,0.34625,0.33661,0,0,0,1.5708,0,-1.5708,1.5708,-1.5708,0,-0.24011,-0.2285,0.18631,1.248,4.882,3.322
0,0,0.33767,0.19352,0,0,0,0.47924,0.43356,0,0,0,1.5708,0,-1.5708,1.5708,-1.5708,0,-0.29075,-0.32225,-0.30691,5.6535,2.1852,1.8617
0,0,0.21828,0.4955,0,0,0,0.0020502,0.48364,0,0,0,1.5708,0,-1.5708,1.5708,-1.5708,0,0.10973,-0.127,0.15113,4.8913,5.4826,1.7119
0,0,0.25199,0.34061,0,0,0,0.072283,0.30924,0,0,0,1.5708,0,-1.5708,1.5708,-1.5708,0,-0.39803,0.30543,0.14101,4.3152,2.3764,0.91898
0,0,0.23823,0.13663,0,0,0,0.37485,0.25826,0,0,0,1.5708,0,-1.5708,1.5708,-1.5708,0,-0.30114,0.22353,-0.35032,2.0096,4.1705,0.88409
0,0,0.14736,0.13819,0,0,0,0.18687,0.36711,0,0,0,1.5708,0,-1.5708,1.5708,-1.5708,0,0.37109,0.37061,-0.19921,4.4785,2.5194,2.4604
0,0,0.46525,0.45,0,0,0,0.24474,0.076701,0,0,0,1.5708,0,-1.5708,1.5708,-1.5708,0,0.044781,-0.1242,0.32547,1.6535,3.5638,4.8541
0,0,0.29288,0.39964,0,0,0,0.27173,0.05625,0,0,0,1.5708,0,-1.5708,1.5708,-1.5708,0,-0.22754,0.26474,0.16833,5.8742,0.27433,0.7052
0,0,0.1163,0.38601,0,0,0,0.43887,0.38356,0,0,0,1.5708,0,-1.5708,1.5708,-1.5708,0,0.28756,0.076442,0.30889,0.23999,5.3861,1.3201
0,0,0.18596,0.32288,0,0,0,0.12966,0.35025,0,0,0,1.5708,0,-1.5708,1.5708,-1.5708,0,-0.053604,-0.27199,-0.3926,5.0248,0.86594,0.11513
0,0,0.35774,0.036808,0,0,0,0.44027,0.23165,0,0,0,1.5708,0,-1.5708,1.5708,-1.5708,0,0.3713,0.15332,-0.14058,5.8579,0.46486,4.9465
0,0,0.34616,0.10515,0,0,0,0.012032,0.12739,0,0,0,1.5708,0,-1.5708,1.5708,-1.5708,0,0.23976,0.13812,-0.15551,1.8384,3.9535,1.4397
0,0,0.22966,0.23222,0,0,0,0.018179,0.17398,0,0,0,1.5708,0,-1.5708,1.5708,-1.5708,0,-0.27328,0.37353,-0.3224,4.8933,4.841,0.56521
0,0,0.41637,0.32567,0,0,0,0.48252,0.011837,0,0,0,1.5708,0,-1.5708,1.5708,-1.5708,0,0.3707,-0.02298,-0.25684,1.6649,1.2726,4.36
0,0,0.33057,0.029862,0,0,0,0.18259,0.48036,0,0,0,1.5708,0,-1.5708,1.5708,-1.5708,0,0.016994,0.069105,0.12232,1.1376,5.6228,1.4759
0,0,0.0057854,0.30761,0,0,0,0.24293,0.05225,0,0,0,1.5708,0,-1.5708,1.5708,-1.5708,0,-0.31904,0.0027493,-0.16803,1.9949,5.5201,3.2199
0,0,0.42429,0.46607,0,0,0,0.47462,0.25136,0,0,0,1.5708,0,-1.5708,1.5708,-1.5708,0,-0.090824,-0.21749,-0.30165,1.0869,4.9815,5.8996
0,0,0.33881,0.26436,0,0,0,0.0023466,0.33747,0,0,0,1.5708,0,-1.5708,1.5708,-1.5708,0,-0.0067551,0.053146,-0.21081,0.5105,3.9912,1.7935
0,0,0.20783,0.39418,0,0,0,0.27082,0.25545,0,0,0,1.5708,0,-1.5708,1.5708,-1.5708,0,0.37586,-0.0039674,-0.085603,5.9187,3.9996,3.6412
0,0,0.37288,0.011041,0,0,0,0.25269,0.12898,0,0,0,1.5708,0,-1.5708,1.5708,-1.5708,0,-0.076086,0.13827,0.22595,2.2454,5.3944,1.8237
0,0,0.49384,0.44239,0,0,0,0.37581,0.2637,0,0,0,1.5708,0,-1.5708,1.5708,-1.5708,0,0.25721,0.28501,-0.30408,0.49342,2.145,4.5447
0,0,0.22181,0.19149,0,0,0,0.046126,0.17788,0,0,0,1.5708,0,-1.5708,1.5708,-1.5708,0,0.10317,0.074618,0.18667,2.2194,1.4148,0.58229
0,0,0.38716,0.44074,0,0,0,0.47495,0.46673,0,0,0,1.5708,0,-1.5708,1.5708,-1.5708,0,-0.37346,0.26608,0.07088,1.4005,1.4412,3.4903
0,0,0.27393,0.37743,0,0,0,0.46023,0.31564,0,0,0,1.5708,0,-1.5708,1.5708,-1.5708,0,0.28098,0.010212,0.33087,1.6897,0.2583,5.5467
0,0,0.30667,0.41653,0,0,0,0.12537,0.4096,0,0,0,1.5708,0,-1.5708,1.5708,-1.5708,0,0.12192,0.051227,-0.35449,5.2848,3.6069,4.7005
0,0,0.1223,0.24608,0,0,0,0.11328,0.19303,0,0,0,1.5708,0,-1.5708,1.5708,-1.5708,0,-0.024337,0.20664,-0.026297,6.0828,0.25768,0.24158
0,0,0.28957,0.21931,0,0,0,0.3967,0.087789,0,0,0,1.5708,0,-1.5708,1.5708,-1.5708,0,-0.19364,-0.31228,-0.20119,4.1503,6.1462,4.3585
0,0,0.35468,0.41359,0,0,0,0.1258,0.33895,0,0,0,1.5708,0,-1.5708,1.5708,-1.5708,0,-0.30036,-0.29812,0.38499,4.1732,2.3667,1.0632
0,0,0.28534,0.31227,0,0,0,0.4807,0.055611,0,0,0,1.5708,0,-1.5708,1.5708,-1.5708,0,0.2955,-0.20581,0.15686,3.5573,5.8996,4.9142
0,0,0.23231,0.037569,0,0,0,0.056932,0.31203,0,0,0,1.5708,0,-1.5708,1.5708,-1.5708,0,0.35563,0.39781,-0.26166,3.9278,1.8918,1.4966
0,0,0.0041157,0.31778,0,0,0,0.30907,0.13002,0,0,0,1.5708,0,-1.5708,1.5708,-1.5708,0,0.21465,0.027818,0.024564,3.609,1.2797,3.5792
0,0,0.24715,0.34542,0,0,0,0.37441,0.35205,0,0,0,1.5708,0,-1.5708,1.5708,-1.5708,0,0.24407,-0.24648,-0.050096,5.6733,3.9211,0.29987
0,0,0.18645,0.27936,0,0,0,0.44816,0.49739,0,0,0,1.5708,0,-1.5708,1.5708,-1.5708,0,0.049406,0.38459,0.3208,1.6541,5.403,2.8715
0,0,0.21518,0.096408,0,0,0,0.0030776,0.42654,0,0,0,1.5708,0,-1.5708,1.5708,-1.5708,0,0.053489,-0.26105,-0.29172,2.2371,4.9455,5.3143
0,0,0.068386,0.28385,0,0,0,0.075085,0.32576,0,0,0,1.5708,0,-1.5708,1.5708,-1.5708,0,0.16972,-0.16179,0.0063707,2.1935,0.59308,3.9351
0,0,0.42564,0.035242,0,0,0,0.28922,0.42218,0,0,0,1.5708,0,-1.5708,1.5708,-1.5708,0,-0.25541,-0.079246,0.13039,5.0163,5.9043,0.34421
0,0,0.1872,0.3369,0,0,0,0.15496,0.065632,0,0,0,1.5708,0,-1.5708,1.5708,-1.5708,0,-0.14818,-0.19871,-0.16022,5.3861,3.8982,3.3541
0,0,0.15934,0.023841,0,0,0,0.43101,0.27009,0,0,0,1.5708,0,-1.5708,1.5708,-1.5708,0,-0.15381,0.21913,-0.080007,0.44448,2.586,4.5471
0,0,0.060627,0.416,0,0,0,0.14627,0.15282,0,0,0,1.5708,0,-1.5708,1.5708,-1.5708,0,0.0089085,-0.3019,0.17388,1.7522,6.2315,1.8612
0,0,0.2963,0.084728,0,0,0,0.24513,0.027668,0,0,0,1.5708,0,-1.5708,1.5708,-1.5708,0,0.37674,0.22559,-0.031551,1.7296,0.97532,0.68246
0,0,0.16836,0.015227,0,0,0,0.32496,0.059824,0,0,0,1.5708,0,-1.5708,1.5708,-1.5708,0,0.055399,-0.25479,-0.32051,0.9586,6.1021,0.78346
0,0,0.20319,0.0061399,0,0,0,0.42119,0.20846,0,0,0,1.5708,0,-1.5708,1.5708,-1.5708,0,-0.33317,0.2918,-0.14064,5.9473,1.2142,5.996
0,0,0.050982,0.28239,0,0,0,0.32171,0.35562,0,0,0,1.5708,0,-1.5708,1.5708,-1.5708,0,-0.25597,-0.34377,0.15226,3.5326,2.43,1.4
0,0,0.045008,0.43388,0,0,0,0.035042,0.027472,0,0,0,1.5708,0,-1.5708,1.5708,-1.5708,0,0.096793,-0.37917,0.25263,1.9301,1.6106,1.3053
0,0,0.16009,0.34002,0,0,0,0.47273,0.05817,0,0,0,1.5708,0,-1.5708,1.5708,-1.5708,0,-0.21233,-0.23971,0.3913,1.9522,2.3533,6.0009
0,0,0.14296,0.23424,0,0,0,0.22975,0.29717,0,0,0,1.5708,0,-1.5708,1.5708,-1.5708,0,0.27639,-0.062183,0.35742,1.8671,0.36686,1.7676
0,0,0.025389,0.48075,0,0,0,0.46621,0.27748,0,0,0,1.5708,0,-1.5708,1.5708,-1.5708,0,0.37673,0.095748,0.34321,4.1134,5.9061,1.8876
0,0,0.15369,0.21708,0,0,0,0.08664,0.034021,0,0,0,1.5708,0,-1.5708,1.5708,-1.5708,0,0.19372,0.14479,0.063015,4.6812,0.92522,0.12347
0,0,0.48988,0.39229,0,0,0,0.030198,0.30689,0,0,0,1.5708,0,-1.5708,1.5708,-1.5708,0,0.1961,-0.29809,0.27832,3.6969,0.24974,5.1748
0,0,0.18231,0.12229,0,0,0,0.15257,0.24365,0,0,0,1.5708,0,-1.5708,1.5708,-1.5708,0,-0.29032,0.27983,0.30935,4.4489,1.4225,3.484
0,0,0.26552,0.44359,0,0,0,0.44094,0.10722,0,0,0,1.5708,0,-1.5708,1.5708,-1.5708,0,0.27785,0.22971,-0.18015,0.96435,4.2538,1.0313
0,0,0.03465,0.20966,0,0,0,0.37283,0.49242,0,0,0,1.5708,0,-1.5708,1.5708,-1.5708,0,-0.26834,0.065034,-0.13453,1.7104,5.3455,5.7397
0,0,0.40715,0.43568,0,0,0,0.031718,0.076707,0,0,0,1.5708,0,-1.5708,1.5708,-1.5708,0,-0.26557,0.019578,0.3955,2.6925,2.6863,4.8351
0,0,0.27784,0.23068,0,0,0,0.32203,0.25855,0,0,0,1.5708,0,-1.5708,1.5708,-1.5708,0,0.063965,0.27121,0.013794,5.108,2.6205,3.4454
0,0,0.15782,0.095134,0,0,0,0.11051,0.22329,0,0,0,1.5708,0,-1.5708,1.5708,-1.5708,0,-0.12862,0.096544,-0.1721,3.4419,0.82867,0.71154
0,0,0.026749,0.43188,0,0,0,0.28508,0.016892,0,0,0,1.5708,0,-1.5708,1.5708,-1.5708,0,-0.26667,0.33063,0.0020081,5.2853,0.84317,0.93069
0,0,0.34295,0.10248,0,0,0,0.12519,0.4094,0,0,0,1.5708,0,-1.5708,1.5708,-1.5708,0,0.19429,0.35375,-0.38738,2.242,5.0683,0.30252
0,0,0.47444,0.098102,0,0,0,0.053526,0.33119,0,0,0,1.5708,0,-1.5708,1.5708,-1.5708,0,-0.017191,0.20512,-0.037802,0.93237,5.2595,2.802
0,0,0.083323,0.34281,0,0,0,0.36717,0.48878,0,0,0,1.5708,0,-1.5708,1.5708,-1.5708,0,0.27668,0.28557,0.26868,0.70808,4.6277,1.1861
0,0,0.071628,0.34147,0,0,0,0.44125,0.29793,0,0,0,1.5708,0,-1.5708,1.5708,-1.5708,0,0.28277,0.036753,0.16174,2.1035,3.4304,2.8422
0,0,0.022679,0.095435,0,0,0,0.4738,0.31968,0,0,0,1.5708,0,-1.5708,1.5708,-1.5708,0,0.16605,0.04541,0.38037,5.5616,0.95645,3.6301
0,0,0.13064,0.0094254,0,0,0,0.26941,0.20817,0,0,0,1.5708,0,-1.5708,1.5708,-1.5708,0,0.050505,0.33466,0.19623,3.3183,2.6969,3.0785
0,0,0.02055,0.35974,0,0,0,0.4494,0.39593,0,0,0,1.5708,0,-1.5708,1.5708,-1.5708,0,0.39128,-0.3057,0.079934,5.547,2.1914,0.295
0,0,0.15481,0.25577,0,0,0,0.32787,0.20584,0,0,0,1.5708,0,-1.5708,1.5708,-1.5708,0,0.24668,-0.25487,0.2587,0.6108,0.32305,5.7681
0,0,0.071189,0.40774,0,0,0,0.44014,0.37826,0,0,0,1.5708,0,-1.5708,1.5708,-1.5708,0,-0.24268,0.27943,-0.38145,4.9833,2.8428,3.3026
0,0,0.14062,0.29878,0,0,0,0.07403,0.43709,0,0,0,1.5708,0,-1.5708,1.5708,-1.5708,0,0.38617,-0.28207,-0.28304,1.1058,4.5895,4.2992
0,0,0.029088,0.16016,0,0,0,0.35269,0.21966,0,0,0,1.5708,0,-1.5708,1.5708,-1.5708,0,-0.29983,0.27944,0.13359,0.0048733,5.2329,1.8268
0,0,0.19659,0.33642,0,0,0,0.11284,0.090398,0,0,0,1.5708,0,-1.5708,1.5708,-1.5708,0,-0.36571,-0.13272,-0.166,6.024,0.35572,2.714
0,0,0.48975,0.23256,0,0,0,0.045903,0.024576,0,0,0,1.5708,0,-1.5708,1.5708,-1.5708,0,0.027119,0.28375,0.35521,4.9014,4.0439,1.5208
0,0,0.080252,0.15038,0,0,0,0.19852,0.46288,0,0,0,1.5708,0,-1.5708,1.5708,-1.5708,0,0.27649,0.17477,-0.39232,3.3733,4.1948,3.8585
0,0,0.050126,0.28082,0,0,0,0.023059,0.4525,0,0,0,1.5708,0,-1.5708,1.5708,-1.5708,0,-0.080284,-0.057648,0.23965,2.2069,4.3809,1.1961
0,0,0.3827,0.48298,0,0,0,0.16717,0.35805,0,0,0,1.5708,0,-1.5708,1.5708,-1.5708,0,-0.10754,-0.30887,-0.18714,2.2033,4.8111,5.7747
0,0,0.27774,0.11035,0,0,0,0.1443,0.21139,0,0,0,1.5708,0,-1.5708,1.5708,-1.5708,0,-0.10602,0.068812,0.27014,2.86,2.5499,2.5668
0,0,0.29995,0.39109,0,0,0,0.18463,0.082249,0,0,0,1.5708,0,-1.5708,1.5708,-1.5708,0,-0.26723,0.14405,-0.29195,3.3495,1.3877,3.3592
0,0,0.24982,0.11529,0,0,0,0.29023,0.3316,0,0,0,1.5708,0,-1.5708,1.5708,-1.5708,0,0.028462,0.31982,-0.26862,2.5094,1.4956,0.22687
0,0,0.1871,0.0072145,0,0,0,0.033147,0.37839,0,0,0,1.5708,0,-1.5708,1.5708,-1.5708,0,-0.38646,0.16953,-0.13607,1.7621,0.53701,5.2742
0,0,0.12177,0.46021,0,0,0,0.077787,0.21349,0,0,0,1.5708,0,-1.5708,1.5708,-1.5708,0,0.39997,-0.25308,0.19541,4.2814,0.61885,5.3711
0,0,0.2519,0.11536,0,0,0,0.26411,0.1749,0,0,0,1.5708,0,-1.5708,1.5708,-1.5708,0,0.078096,0.32599,-0.34994,5.8756,4.6074,5.3809
0,0,0.31626,0.48237,0,0,0,0.30276,0.35599,0,0,0,1.5708,0,-1.5708,1.5708,-1.5708,0,0.052397,-0.33636,0.39647,3.8496,0.86077,1.0615
0,0,0.017848,0.28292,0,0,0,0.32512,0.48348,0,0,0,1.5708,0,-1.5708,1.5708,-1.5708,0,-0.34416,0.0025543,0.027159,4.8781,0.57746,2.7643
0,0,0.35428,0.47868,0,0,0,0.14263,0.12297,0,0,0,1.5708,0,-1.5708,1.5708,-1.5708,0,-0.26308,0.16059,-0.21135,0.42921,6.0961,5.1017
0,0,0.39496,0.011423,0,0,0,0.33028,0.23499,0,0,0,1.5708,0,-1.5708,1.5708,-1.5708,0,0.24141,-0.33105,0.2589,5.7434,6.0564,2.8386
0,0,0.11199,0.003365,0,0,0,0.44021,0.33212,0,0,0,1.5708,0,-1.5708,1.5708,-1.5708,0,0.20275,-0.30875,0.033787,1.0532,1.3329,1.036
0,0,0.46396,0.20887,0,0,0,0.2531,0.18869,0,0,0,1.5708,0,-1.5708,1.5708,-1.5708,0,-0.28129,0.37625,0.34218,2.4719,3.7429,1.5471
0,0,0.42287,0.43526,0,0,0,0.32698,0.41776,0,0,0,1.5708,0,-1.5708,1.5708,-1.5708,0,0.29069,-0.3512,-0.16985,4.2206,2.3449,4.966
0,0,0.12924,0.059977,0,0,0,0.32608,0.42355,0,0,0,1.5708,0,-1.5708,1.5708,-1.5708,0,-0.29959,-0.19104,-0.040477,4.6339,5.4204,1.6981
0,0,0.23035,0.17476,0,0,0,0.34293,0.27947,0,0,0,1.5708,0,-1.5708,1.5708,-1.5708,0,-0.30386,-0.37197,0.32202,5.4112,5.064,0.080534
0,0,0.27419,0.19558,0,0,0,0.16069,0.34254,0,0,0,1.5708,0,-1.5708,1.5708,-1.5708,0,-0.20862,0.31328,0.38336,2.4735,0.64814,4.6136
0,0,0.47888,0.20086,0,0,0,0.25995,0.27666,0,0,0,1.5708,0,-1.5708,1.5708,-1.5708,0,-0.32352,0.36266,-0.37175,4.8818,5.1724,5.768
0,0,0.26714,0.12629,0,0,0,0.088006,0.35904,0,0,0,1.5708,0,-1.5708,1.5708,-1.5708,0,0.19008,0.2162,-0.34872,5.139,5.6795,4.9408
0,0,0.0071254,0.3126,0,0,0,0.31391,0.18695,0,0,0,1.5708,0,-1.5708,1.5708,-1.5708,0,0.11705,0.039356,-0.031819,2.3802,2.8751,5.2039
0,0,0.16643,0.19726,0,0,0,0.17295,0.35928,0,0,0,1.5708,0,-1.5708,1.5708,-1.5708,0,0.096203,0.36002,0.3361,4.3137,0.97885,2.3756
0,0,0.3808,0.21263,0,0,0,0.37292,0.3916,0,0,0,1.5708,0,-1.5708,1.5708,-1.5708,0,-0.37748,0.11319,-0.239,4.2315,2.929,2.1656
0,0,0.039669,0.4441,0,0,0,0.27362,0.11649,0,0,0,1.5708,0,-1.5708,1.5708,-1.5708,0,-0.29895,-0.12282,-0.19472,2.0648,1.4905,1.9444
0,0,0.1286,0.3525,0,0,0,0.41417,0.3685,0,0,0,1.5708,0,-1.5708,1.5708,-1.5708,0,0.06819,-0.23907,0.28868,1.7049,4.4703,2.8267
0,0,0.36121,0.01828,0,0,0,0.36044,0.18561,0,0,0,1.5708,0,-1.5708,1.5708,-1.5708,0,0.14016,0.25048,0.33054,1.3717,5.785,4.5077
0,0,0.050241,0.093209,0,0,0,0.12761,0.15162,0,0,0,1.5708,0,-1.5708,1.5708,-1.5708,0,0.39279,-0.13919,-0.13655,3.9532,2.5643,0.068788
0,0,0.10435,0.41126,0,0,0,0.4059,0.38196,0,0,0,1.5708,0,-1.5708,1.5708,-1.5708,0,0.34222,-0.16896,0.23406,2.6128,3.9744,0.643
0,0,0.0044499,0.38433,0,0,0,0.45874,0.23777,0,0,0,1.5708,0,-1.5708,1.5708,-1.5708,0,-0.30799,0.12633,-0.12907,0.038751,1.6243,3.9075
0,0,0.36249,0.15707,0,0,0,0.22571,0.01338,0,0,0,1.5708,0,-1.5708,1.5708,-1.5708,0,0.14096,0.36374,0.071189,0.11285,0.2366,3.4475
0,0,0.42603,0.28253,0,0,0,0.49021,0.31408,0,0,0,1.5708,0,-1.5708,1.5708,-1.5708,0,-0.01636,0.08118,-0.20408,2.8576,4.6549,4.9433
0,0,0.48675,0.034545,0,0,0,0.1718,0.2485,0,0,0,1.5708,0,-1.5708,1.5708,-1.5708,0,0.33488,-0.26846,0.25431,5.6543,5.3691,0.39361
0,0,0.10648,0.33928,0,0,0,0.29854,0.46455,0,0,0,1.5708,0,-1.5708,1.5708,-1.5708,0,0.38111,0.15248,-0.013489,3.261,4.725,4.4999
0,0,0.38167,0.038658,0,0,0,0.34188,0.38869,0,0,0,1.5708,0,-1.5708,1.5708,-1.5708,0,-0.3634,0.12223,0.29444,4.6962,6.0522,3.3219
0,0,0.40163,0.35956,0,0,0,0.10205,0.22933,0,0,0,1.5708,0,-1.5708,1.5708,-1.5708,0,-0.31035,0.37105,-0.15451,3.3989,5.3794,3.1211
0,0,0.36006,0.48359,0,0,0,0.30799,0.3995,0,0,0,1.5708,0,-1.5708,1.5708,-1.5708,0,-0.30374,-0.29811,0.0073083,4.9412,5.5769,2.4382
0,0,0.31369,0.28735,0,0,0,0.075143,0.42818,0,0,0,1.5708,0,-1.5708,1.5708,-1.5708,0,0.11053,-0.3911,0.17688,3.6032,3.942,5.712
0,0,0.012502,0.094393,0,0,0,0.068317,0.32189,0,0,0,1.5708,0,-1.5708,1.5708,-1.5708,0,-0.26983,0.11887,-0.27492,5.4727,2.7769,4.7648
0,0,0.18012,0.10867,0,0,0,0.27336,0.038947,0,0,0,1.5708,0,-1.5708,1.5708,-1.5708,0,-0.20748,-0.012452,0.38189,0.31412,5.7252,3.6388
0,0,0.31476,0.3527,0,0,0,0.011682,0.083839,0,0,0,1.5708,0,-1.5708,1.5708,-1.5708,0,-0.35007,0.26939,0.15251,5.7648,5.4869,2.1581
0,0,0.0319,0.11676,0,0,0,0.1286,0.16059,0,0,0,1.5708,0,-1.5708,1.5708,-1.5708,0,0.13077,-0.2952,-0.0047065,4.8189,5.8466,5.4489
0,0,0.2305,0.28279,0,0,0,0.44141,0.19269,0,0,0,1.5708,0,-1.5708,1.5708,-1.5708,0,0.16758,0.27531,0.16014,2.0369,5.9783,2.9189
0,0,0.01022,0.29381,0,0,0,0.23234,0.21745,0,0,0,1.5708,0,-1.5708,1.5708,-1.5708,0,-0.11099,0.37299,-0.37595,5.8694,6.0104,4.667
0,0,0.098882,0.017461,0,0,0,0.4745,0.31107,0,0,0,1.5708,0,-1.5708,1.5708,-1.5708,0,-0.37981,-0.1428,0.38378,0.43762,5.4443,0.63298
0,0,0.4882,0.11033,0,0,0,0.41687,0.30495,0,0,0,1.5708,0,-1.5708,1.5708,-1.5708,0,0.056586,0.16826,-0.36171,4.1326,2.7708,3.0821
0,0,0.046461,0.21576,0,0,0,0.073241,0.25651,0,0,0,1.5708,0,-1.5708,1.5708,-1.5708,0,-0.10042,0.10862,-0.074079,5.6845,5.4694,0.20033
0,0,0.031164,0.23746,0,0,0,0.18798,0.26858,0,0,0,1.5708,0,-1.5708,1.5708,-1.5708,0,-0.27821,-0.39951,0.17636,4.8949,3.8014,1.1106
0,0,0.041194,0.45475,0,0,0,0.33701,0.35049,0,0,0,1.5708,0,-1.5708,1.5708,-1.5708,0,-0.37665,0.14897,0.35864,5.6255,4.7064,5.0331
0,0,0.4597,0.1537,0,0,0,0.056906,0.29342,0,0,0,1.5708,0,-1.5708,1.5708,-1.5708,0,-0.084498,0.089697,0.13042,2.2039,2.497,1.6848
0,0,0.30507,0.036004,0,0,0,0.17378,0.40915,0,0,0,1.5708,0,-1.5708,1.5708,-1.5708,0,-0.18534,0.31189,-0.34108,2.5389,0.55071,1.5573
0,0,0.17026,0.46949,0,0,0,0.14683,0.027969,0,0,0,1.5708,0,-1.5708,1.5708,-1.5708,0,-0.25967,0.23218,-0.13184,4.301,1.551,2.297
0,0,0.30328,0.3039,0,0,0,0.1753,0.34161,0,0,0,1.5708,0,-1.5708,1.5708,-1.5708,0,0.093035,0.38767,0.38525,5.381,1.4739,4.0635
0,0,0.47058,0.19528,0,0,0,0.10186,0.40294,0,0,0,1.5708,0,-1.5708,1.5708,-1.5708,0,0.3113,-0.05395,-0.045285,5.8442,4.7258,2.6713
0,0,0.40685,0.39527,0,0,0,0.37235,0.24482,0,0,0,1.5708,0,-1.5708,1.5708,-1.5708,0,-0.09353,-0.35713,0.12784,1.9782,3.7971,0.56617
0,0,0.43026,0.27937,0,0,0,0.47831,0.45367,0,0,0,1.5708,0,-1.5708,1.5708,-1.5708,0,-0.34677,-0.014391,-0.033968,1.369,3.1617,4.2965
0,0,0.36597,0.4771,0,0,0,0.21724,0.38581,0,0,0,1.5708,0,-1.5708,1.5708,-1.5708,0,-0.077313,-0.34905,0.3476,3.0567,1.7444,4.2735
0,0,0.087282,0.1101,0,0,0,0.35725,0.23902,0,0,0,1.5708,0,-1.5708,1.5708,-1.5708,0,0.39353,-0.082753,-0.22467,3.7127,0.23943,1.2976
0,0,0.26404,0.39916,0,0,0,0.41336,0.44646,0,0,0,1.5708,0,-1.5708,1.5708,-1.5708,0,-0.39021,-0.3715,-0.33867,4.8499,4.7777,4.3693
0,0,0.049615,0.24362,0,0,0,0.44783,0.12813,0,0,0,1.5708,0,-1.5708,1.5708,-1.5708,0,-0.12104,-0.21541,-0.25872,6.2522,2.4233,6.0114
0,0,0.069987,0.12588,0,0,0,0.30007,0.13801,0,0,0,1.5708,0,-1.5708,1.5708,-1.5708,0,-0.31816,0.29435,-0.1338,5.1164,2.4224,4.9906
0,0,0.37032,0.48825,0,0,0,0.32564,0.040791,0,0,0,1.5708,0,-1.5708,1.5708,-1.5708,0,-0.23209,0.30541,0.39369,1.3859,0.020894,4.406
0,0,0.063416,0.026741,0,0,0,0.010291,0.40191,0,0,0,1.5708,0,-1.5708,1.5708,-1.5708,0,-0.32244,-0.01291,-0.24862,3.9955,3.6393,1.485
0,0,0.061616,0.13258,0,0,0,0.36836,0.36402,0,0,0,1.5708,0,-1.5708,1.5708,-1.5708,0,0.36054,-0.38872,-0.24347,2.0581,1.6476,1.5911
0,0,0.10753,0.016511,0,0,0,0.24895,0.44808,0,0,0,1.5708,0,-1.5708,1.5708,-1.5708,0,0.29581,-0.012732,-0.23548,4.5738,2.6019,5.5984
0,0,0.17154,0.046103,0,0,0,0.20556,0.26388,0,0,0,1.5708,0,-1.5708,1.5708,-1.5708,0,0.079423,-0.31458,-0.095438,2.8995,0.65204,3.6062
0,0,0.26686,0.12752,0,0,0,0.047568,0.20867,0,0,0,1.5708,0,-1.5708,1.5708,-1.5708,0,-0.28455,-0.028456,-0.39799,5.5122,5.0525,4.7749
0,0,0.3129,0.39997,0,0,0,0.25555,0.22511,0,0,0,1.5708,0,-1.5708,1.5708,-1.5708,0,0.24651,-0.36904,0.15261,4.0322,4.9865,2.0629
0,0,0.20907,0.26497,0,0,0,0.34348,0.49715,0,0,0,1.5708,0,-1.5708,1.5708,-1.5708,0,-0.020018,0.092628,0.1696,4.5293,1.3097,2.4617
0,0,0.20348,0.0033712,0,0,0,0.14131,0.034268,0,0,0,1.5708,0,-1.5708,1.5708,-1.5708,0,0.18893,0.11824,0.10885,4.8325,3.2701,3.7117
0,0,0.27282,0.48276,0,0,0,0.20523,0.073132,0,0,0,1.5708,0,-1.5708,1.5708,-1.5708,0,-0.33787,-0.034507,0.28874,5.846,2.1163,6.1321
0,0,0.23921,0.039235,0,0,0,0.47419,0.47297,0,0,0,1.5708,0,-1.5708,1.5708,-1.5708,0,-0.2132,-0.22076,-0.15413,1.5464,0.13408,3.4672
0,0,0.058667,0.24581,0,0,0,0.27822,0.21066,0,0,0,1.5708,0,-1.5708,1.5708,-1.5708,0,0.28358,0.2782,0.16089,5.9158,0.9066,0.51839
0,0,0.44173,0.30105,0,0,0,0.13519,0.44412,0,0,0,1.5708,0,-1.5708,1.5708,-1.5708,0,0.22292,0.32509,0.20707,2.5845,0.85906,2.4361
0,0,0.40767,0.29812,0,0,0,0.22357,0.047318,0,0,0,1.5708,0,-1.5708,1.5708,-1.5708,0,-0.39304,-0.3302,0.1422,3.5753,2.123,1.6102
0,0,0.28395,0.30439,0,0,0,0.18962,0.39729,0,0,0,1.5708,0,-1.5708,1.5708,-1.5708,0,-0.35396,-0.1631,0.16228,2.0485,0.3722,4.232
0,0,0.28872,0.46408,0,0,0,0.42086,0.16985,0,0,0,1.5708,0,-1.5708,1.5708,-1.5708,0,-0.29272,0.0051758,-0.25507,1.2817,0.69542,3.6616
0,0,0.2949,0.3566,0,0,0,0.3095,0.090984,0,0,0,1.5708,0,-1.5708,1.5708,-1.5708,0,0.2114,0.27664,0.13018,2.3565,0.59526,4.617
0,0,0.45837,0.26423,0,0,0,0.12823,0.038733,0,0,0,1.5708,0,-1.5708,1.5708,-1.5708,0,-0.060286,0.21084,-0.012443,2.1277,3.8546,3.4427
0,0,0.25076,0.25156,0,0,0,0.42226,0.07166,0,0,0,1.5708,0,-1.5708,1.5708,-1.5708,0,-0.041096,0.37467,-0.13163,4.7575,5.8701,5.3006
0,0,0.24565,0.11305,0,0,0,0.033983,0.24099,0,0,0,1.5708,0,-1.5708,1.5708,-1.5708,0,0.1048,-0.36543,0.043116,1.9492,0.1356,4.7425
0,0,0.23833,0.46295,0,0,0,0.28152,0.087949,0,0,0,1.5708,0,-1.5708,1.5708,-1.5708,0,0.35178,-0.26956,-0.35799,1.9189,5.2618,6.0938
0,0,0.36012,0.15751,0,0,0,0.093513,0.032827,0,0,0,1.5708,0,-1.5708,1.5708,-1.5708,0,-0.28558,-0.26584,0.033,1.2154,4.463,0.66425
0,0,0.49846,0.10836,0,0,0,0.33149,0.46628,0,0,0,1.5708,0,-1.5708,1.5708,-1.5708,0,-0.18873,-0.12491,0.067579,3.5236,4.0111,5.2462
0,0,0.48085,0.41841,0,0,0,0.46442,0.38668,0,0,0,1.5708,0,-1.5708,1.5708,-1.5708,0,-0.22055,-0.23528,-0.32867,0.61243,2.0934,4.4326
0,0,0.24245,0.38749,0,0,0,0.12899,0.022279,0,0,0,1.5708,0,-1.5708,1.5708,-1.5708,0,-0.26415,-0.28721,-0.034901,1.6167,0.34889,3.8682
0,0,0.080815,0.27576,0,0,0,0.282,0.214,0,0,0,1.5708,0,-1.5708,1.5708,-1.5708,0,0.066045,-0.27835,0.37671,2.6559,5.3974,5.969
0,0,0.011109,0.0036825,0,0,0,0.14871,0.32258,0,0,0,1.5708,0,-1.5708,1.5708,-1.5708,0,-0.083157,-0.31095,0.014357,1.7611,1.1289,0.68717
0,0,0.3609,0.20971,0,0,0,0.051492,0.37724,0,0,0,1.5708,0,-1.5708,1.5708,-1.5708,0,-0.30356,-0.12418,0.1657,5.0617,3.1744,1.7538
0,0,0.040093,0.384,0,0,0,0.4579,0.23987,0,0,0,1.5708,0,-1.5708,1.5708,-1.5708,0,-0.051977,0.064661,0.29339,3.175,3.4056,0.38057
0,0,0.27872,0.18201,0,0,0,0.024615,0.27663,0,0,0,1.5708,0,-1.5708,1.5708,-1.5708,0,0.14807,-0.10135,0.26871,5.8024,2.5713,4.5896
0,0,0.31407,0.35323,0,0,0,0.46879,0.3371,0,0,0,1.5708,0,-1.5708,1.5708,-1.5708,0,0.23291,0.3517,-0.35712,4.9338,2.5339,5.4022
0,0,0.04593,0.41803,0,0,0,0.27134,0.44178,0,0,0,1.5708,0,-1.5708,1.5708,-1.5708,0,0.15841,-0.29777,0.12623,5.9913,2.3945,3.8601
0,0,0.28492,0.44895,0,0,0,0.33241,0.40336,0,0,0,1.5708,0,-1.5708,1.5708,-1.5708,0,0.29973,-0.25644,0.15665,4.4653,2.5928,3.5313
0,0,0.22654,0.10779,0,0,0,0.41777,0.26288,0,0,0,1.5708,0,-1.5708,1.5708,-1.5708,0,-0.30787,0.28931,0.23448,1.7354,1.9707,0.49826
0,0,0.05301,0.42248,0,0,0,0.021066,0.23344,0,0,0,1.5708,0,-1.5708,1.5708,-1.5708,0,0.37026,0.19377,-0.010045,0.045753,0.56644,2.6387
0,0,0.14337,0.29164,0,0,0,0.10999,0.14179,0,0,0,1.5708,0,-1.5708,1.5708,-1.5708,0,-0.34097,0.20846,0.17426,0.31014,4.0673,3.7977
0,0,0.33985,0.29327,0,0,0,0.4475,0.035738,0,0,0,1.5708,0,-1.5708,1.5708,-1.5708,0,0.21838,-0.33509,0.041725,5.8602,2.3452,1.6989
0,0,0.24712,0.2609,0,0,0,0.24516,0.23098,0,0,0,1.5708,0,-1.5708,1.5708,-1.5708,0,0.32884,-0.24701,-0.24613,3.6737,1.6066,2.3357
0,0,0.068171,0.077275,0,0,0,0.45662,0.41917,0,0,0,1.5708,0,-1.5708,1.5708,-1.5708,0,0.28226,0.35733,-0.28468,3.3967,1.2735,4.2457
0,0,0.44446,0.017681,0,0,0,0.39455,0.48658,0,0,0,1.5708,0,-1.5708,1.5708,-1.5708,0,-0.37774,-0.13884,0.27633,0.40783,1.8359,2.4376
0,0,0.12438,0.44871,0,0,0,0.20403,0.31596,0,0,0,1.5708,0,-1.5708,1.5708,-1.5708,0,0.20043,-0.17094,0.38555,1.2899,5.722,3.9717
0,0,0.20746,0.064496,0,0,0,0.40639,0.24059,0,0,0,1.5708,0,-1.5708,1.5708,-1.5708,0,0.36914,0.14729,0.28745,5.6367,5.6678,5.0208
0,0,0.1693,0.26629,0,0,0,0.20074,0.39913,0,0,0,1.5708,0,-1.5708,1.5708,-1.5708,0,-0.093806,-0.18797,0.31772,0.82309,3.7365,0.63936
0,0,0.20601,0.48935,0,0,0,0.11698,0.26328,0,0,0,1.5708,0,-1.5708,1.5708,-1.5708,0,-0.26949,-0.3656,-0.29247,3.8561,1.9853,3.7539
0,0,0.24617,0.078308,0,0,0,0.27569,0.47142,0,0,0,1.5708,0,-1.5708,1.5708,-1.5708,0,-0.16353,0.14683,0.098553,2.2529,2.4563,3.2648
0,0,0.14997,0.35031,0,0,0,0.13035,0.41902,0,0,0,1.5708,0,-1.5708,1.5708,-1.5708,0,-0.25517,-0.10035,0.043058,2.1683,3.5931,5.8128
0,0,0.47069,0.096118,0,0,0,0.32608,0.22097,0,0,0,1.5708,0,-1.5708,1.5708,-1.5708,0,0.21752,-0.15754,0.045497,4.6128,1.2268,5.4446
0,0,0.17241,0.034532,0,0,0,0.017519,0.27207,0,0,0,1.5708,0,-1.5708,1.5708,-1.5708,0,-0.0052981,-0.17378,0.2783,1.5749,2.848,2.728
0,0,0.16128,0.32193,0,0,0,0.26596,0.20341,0,0,0,1.5708,0,-1.5708,1.5708,-1.5708,0,0.26955,0.1864,-0.059618,1.0892,2.6416,0.21023
0,0,0.14836,0.15717,0,0,0,0.28634,0.183,0,0,0,1.5708,0,-1.5708,1.5708,-1.5708,0,0.28792,-0.33418,-0.079621,6.2333,6.1002,2.8464
0,0,0.05897,0.026412,0,0,0,0.35414,0.043166,0,0,0,1.5708,0,-1.5708,1.5708,-1.5708,0,0.091406,0.068389,0.082119,0.94309,4.3018,4.7138
0,0,0.36391,0.32777,0,0,0,0.086096,0.40002,0,0,0,1.5708,0,-1.5708,1.5708,-1.5708,0,-0.216,-0.11422,0.33653,2.9922,0.58436,0.084037
0,0,0.088119,0.31864,0,0,0,0.082486,0.33868,0,0,0,1.5708,0,-1.5708,1.5708,-1.5708,0,0.37007,-0.22305,0.024735,5.8382,2.7901,5.5598
0,0,0.25039,0.231,0,0,0,0.27441,0.078767,0,0,0,1.5708,0,-1.5708,1.5708,-1.5708,0,0.36764,0.3692,0.14068,5.708,0.94419,0.69629
0,0,0.47484,0.44482,0,0,0,0.28155,0.44513,0,0,0,1.5708,0,-1.5708,1.5708,-1.5708,0,0.021886,-0.12725,0.17886,5.8877,1.0312,3.3999
0,0,0.018773,0.24054,0,0,0,0.39558,0.22787,0,0,0,1.5708,0,-1.5708,1.5708,-1.5708,0,0.23284,-0.38979,0.26989,3.1954,3.4152,2.9608
0,0,0.082861,0.24297,0,0,0,0.39642,0.26251,0,0,0,1.5708,0,-1.5708,1.5708,-1.5708,0,-0.034286,-0.12399,-0.29545,0.9882,3.2504,4.9399
0,0,0.13395,0.25918,0,0,0,0.24511,0.30413,0,0,0,1.5708,0,-1.5708,1.5708,-1.5708,0,0.20703,-0.36717,-0.055691,2.9429,4.8427,0.15264
0,0,0.26879,0.12269,0,0,0,0.36251,0.013868,0,0,0,1.5708,0,-1.5708,1.5708,-1.5708,0,0.3554,-0.084792,0.20248,0.057602,6.1097,1.2478
0,0,0.30611,0.033824,0,0,0,0.23058,0.12466,0,0,0,1.5708,0,-1.5708,1.5708,-1.5708,0,-0.26098,-0.16752,0.18437,3.6611,6.1999,3.0488
0,0,0.29665,0.34159,0,0,0,0.4425,0.42849,0,0,0,1.5708,0,-1.5708,1.5708,-1.5708,0,-0.32454,0.0036342,0.32359,0.82383,3.9466,0.52238
0,0,0.49496,0.28436,0,0,0,0.18381,0.29442,0,0,0,1.5708,0,-1.5708,1.5708,-1.5708,0,0.089302,0.36917,0.15631,2.519,5.2809,1.8625
0,0,0.14247,0.49846,0,0,0,0.036495,0.068887,0,0,0,1.5708,0,-1.5708,1.5708,-1.5708,0,0.13132,-0.28414,0.12785,3.2961,3.5643,4.3167
0,0,0.092223,0.4588,0,0,0,0.21281,0.16207,0,0,0,1.5708,0,-1.5708,1.5708,-1.5708,0,-0.021644,0.33067,-0.24473,3.4159,4.7622,2.2928
0,0,0.013035,0.17716,0,0,0,0.29228,0.29929,0,0,0,1.5708,0,-1.5708,1.5708,-1.5708,0,0.08902,0.3061,0.21944,2.2034,0.99642,3.8814
0,0,0.27527,0.12691,0,0,0,0.28874,0.13277,0,0,0,1.5708,0,-1.5708,1.5708,-1.5708,0,0.39822,0.19757,0.18334,5.331,0.35521,0.24516
0,0,0.12421,0.37583,0,0,0,0.15143,0.47383,0,0,0,1.5708,0,-1.5708,1.5708,-1.5708,0,-0.10936,-0.38509,0.33077,6.1492,2.9665,0.19452
0,0,0.48585,0.42216,0,0,0,0.34982,0.31864,0,0,0,1.5708,0,-1.5708,1.5708,-1.5708,0,-0.37569,-0.36993,-0.24575,6.1777,3.503,3.6513
0,0,0.15926,0.35805,0,0,0,0.23909,0.48876,0,0,0,1.5708,0,-1.5708,1.5708,-1.5708,0,0.24868,-0.19373,-0.28506,0.36784,1.0864,5.8102
0,0,0.0081427,0.24043,0,0,0,0.2852,0.4177,0,0,0,1.5708,0,-1.5708,1.5708,-1.5708,0,-0.36606,0.013839,-0.1636,3.4237,5.082,0.20973
0,0,0.23191,0.25972,0,0,0,0.47381,0.2586,0,0,0,1.5708,0,-1.5708,1.5708,-1.5708,0,-0.3643,-0.059381,0.38494,4.5562,1.4154,3.1123
0,0,0.096845,0.31858,0,0,0,0.27373,0.49422,0,0,0,1.5708,0,-1.5708,1.5708,-1.5708,0,-0.22823,0.099331,0.29707,1.4769,0.45055,6.0228
0,0,0.22079,0.42356,0,0,0,0.40818,0.34994,0,0,0,1.5708,0,-1.5708,1.5708,-1.5708,0,-0.15418,-0.13357,0.13215,5.7771,1.0114,4.2173
0,0,0.029944,0.17214,0,0,0,0.45767,0.33644,0,0,0,1.5708,0,-1.5708,1.5708,-1.5708,0,0.25975,0.35625,-0.26601,2.0692,4.6441,1.3952
0,0,0.38746,0.0025256,0,0,0,0.47065,0.21562,0,0,0,1.5708,0,-1.5708,1.5708,-1.5708,0,0.20181,0.11457,-0.092568,6.148,2.4964,3.2597
0,0,0.20602,0.45097,0,0,0,0.32659,0.162,0,0,0,1.5708,0,-1.5708,1.5708,-1.5708,0,-0.045068,0.19685,-0.25401,1.1513,2.6678,2.3803
0,0,0.021063,0.46748,0,0,0,0.067081,0.28066,0,0,0,1.5708,0,-1.5708,1.5708,-1.5708,0,-0.32813,-0.041667,-0.37214,6.2465,3.2019,1.3346
0,0,0.35704,0.26198,0,0,0,0.19342,0.39844,0,0,0,1.5708,0,-1.5708,1.5708,-1.5708,0,0.24598,-0.34369,-0.19769,1.9395,2.1187,4.7288
0,0,0.16179,0.19922,0,0,0,0.1662,0.22441,0,0,0,1.5708,0,-1.5708,1.5708,-1.5708,0,0.036245,0.39065,0.21373,1.6106,3.6018,2.3941
0,0,0.40016,0.2651,0,0,0,0.19776,0.14944,0,0,0,1.5708,0,-1.5708,1.5708,-1.5708,0,0.26991,-0.13096,0.37722,2.8619,3.5439,0.59403
0,0,0.36418,0.15963,0,0,0,0.35749,0.4976,0,0,0,1.5708,0,-1.5708,1.5708,-1.5708,0,-0.18061,-0.39427,0.05694,3.485,1.9495,5.5916
0,0,0.32214,0.055524,0,0,0,0.29449,0.081215,0,0,0,1.5708,0,-1.5708,1.5708,-1.5708,0,-0.067214,-0.097565,0.058258,2.4351,6.0978,1.9764
0,0,0.05477,0.26696,0,0,0,0.38171,0.4017,0,0,0,1.5708,0,-1.5708,1.5708,-1.5708,0,-0.23319,0.33056,0.28707,5.0516,3.413,4.4968
0,0,0.39202,0.016722,0,0,0,0.32145,0.44888,0,0,0,1.5708,0,-1.5708,1.5708,-1.5708,0,-0.23983,-0.071074,-0.1767,1.2135,3.3881,6.2148
0,0,0.29335,0.40053,0,0,0,0.28359,0.3636,0,0,0,1.5708,0,-1.5708,1.5708,-1.5708,0,0.35278,0.1434,0.39565,0.4528,4.5623,2.6804
0,0,0.22372,0.19816,0,0,0,0.11873,0.35484,0,0,0,1.5708,0,-1.5708,1.5708,-1.5708,0,-0.37655,0.27206,0.30016,3.8984,1.4274,3.9989
0,0,0.20215,0.45736,0,0,0,0.25472,0.22629,0,0,0,1.5708,0,-1.5708,1.5708,-1.5708,0,-0.26786,0.035202,-0.37732,1.858,4.517,1.6392
0,0,0.14984,0.43579,0,0,0,0.11102,0.24561,0,0,0,1.5708,0,-1.5708,1.5708,-1.5708,0,-0.078597,0.18402,0.26988,2.7603,3.5587,1.1407
0,0,0.46164,0.017781,0,0,0,0.058788,0.026153,0,0,0,1.5708,0,-1.5708,1.5708,-1.5708,0,-0.047404,0.25842,-0.021096,4.6642,5.0562,3.5105
0,0,0.12298,0.1574,0,0,0,0.090754,0.25297,0,0,0,1.5708,0,-1.5708,1.5708,-1.5708,0,0.34452,0.13928,-0.086276,1.5692,0.69273,0.78923
0,0,0.42293,0.28946,0,0,0,0.41142,0.096864,0,0,0,1.5708,0,-1.5708,1.5708,-1.5708,0,0.23367,0.38716,-0.19028,3.4312,1.582,5.2241
